{
  "controller/ccn_accept-dbg.controller.js": 1730808350657,
  "model/models.js": 1730808350649,
  "utils/locate-reuse-libs.js": 1730808350649,
  "controller/ccn_accept.controller.js": 1730808350657,
  "controller/App.controller.js": 1730827530384,
  "manifest.json": 1730890687972,
  "Component.js": 1730809487155,
  "Component-dbg.js": 1730809487155,
  "Component.js.map": 1730890688113,
  "utils/locate-reuse-libs-dbg.js": 1730808350649,
  "utils/locate-reuse-libs.js.map": 1730890688117,
  "i18n/i18n.properties": 1730808350645,
  "controller/ccn_accept.controller.js.map": 1730890688103,
  "controller/App-dbg.controller.js": 1730827530384,
  "controller/App.controller.js.map": 1730890688104,
  "model/models-dbg.js": 1730808350649,
  "model/models.js.map": 1730890688106,
  "Component-preload.js": 1730890688186,
  "Component-preload.js.map": 1730890688186,
  "view/ccn_accept.view.xml": 1730808514294,
  "view/App.view.xml": 1730829350555,
  "css/style.css": 1730808350653,
  "index.html": 1730808350641
}