{
  "view/View1.view.xml": 1730829643364,
  "model/models.js": 1730828804870,
  "controller/View1.controller.js": 1730829758572,
  "controller/App.controller.js": 1730887386883,
  "manifest.json": 1730890690215,
  "Component.js": 1730828804862,
  "model/models-dbg.js": 1730828804870,
  "model/models.js.map": 1730890690339,
  "controller/View1-dbg.controller.js": 1730829758572,
  "controller/View1.controller.js.map": 1730890690352,
  "controller/App-dbg.controller.js": 1730887386883,
  "controller/App.controller.js.map": 1730890690339,
  "Component-dbg.js": 1730828804862,
  "Component.js.map": 1730890690340,
  "Component-preload.js": 1730890690412,
  "Component-preload.js.map": 1730890690412,
  "i18n/i18n.properties": 1730828804866,
  "view/App.view.xml": 1730829549752,
  "css/style.css": 1730828804874,
  "index.html": 1730828804866
}