{
  "Component-preload.js.map": 1730890692708,
  "controller/View1.controller.js": 1730831172983,
  "model/models.js": 1730831172975,
  "controller/App.controller.js": 1730831172979,
  "manifest.json": 1730890692508,
  "Component.js": 1730831172967,
  "controller/View1-dbg.controller.js": 1730831172983,
  "controller/View1.controller.js.map": 1730890692642,
  "model/models-dbg.js": 1730831172975,
  "model/models.js.map": 1730890692643,
  "controller/App-dbg.controller.js": 1730831172979,
  "controller/App.controller.js.map": 1730890692642,
  "Component-dbg.js": 1730831172967,
  "Component.js.map": 1730890692644,
  "Component-preload.js": 1730890692708,
  "i18n/i18n.properties": 1730831172971,
  "view/View1.view.xml": 1730831172979,
  "view/App.view.xml": 1730831172979,
  "css/style.css": 1730831172979,
  "index.html": 1730831172967
}